{"v":"5.3.4","fr":48,"ip":0,"op":73,"w":500,"h":802,"nm":"scroll down","ddd":0,"assets":[],"layers":[{"ddd":0,"ind":1,"ty":4,"nm":"arr","sr":1,"ks":{"o":{"a":0,"k":100,"ix":11},"r":{"a":0,"k":0,"ix":10},"p":{"a":1,"k":[{"i":{"x":0,"y":1},"o":{"x":0.333,"y":0},"n":"0_1_0p333_0","t":1,"s":[250,401,0],"e":[250,119,0],"to":[0,-47,0],"ti":[0,0,0]},{"i":{"x":0,"y":1},"o":{"x":0.333,"y":0},"n":"0_1_0p333_0","t":25,"s":[250,119,0],"e":[250,450,0],"to":[0,0,0],"ti":[0,-84.1515426635742,0]},{"i":{"x":0,"y":1},"o":{"x":0.333,"y":0},"n":"0_1_0p333_0","t":51,"s":[250,450,0],"e":[250,401,0],"to":[0,20.8814430236816,0],"ti":[0,-9.34399604797363,0]},{"t":65}],"ix":2},"a":{"a":0,"k":[0,0,0],"ix":1},"s":{"a":0,"k":[100,100,100],"ix":6}},"ao":0,"shapes":[{"ty":"gr","it":[{"ind":0,"ty":"sh","ix":1,"ks":{"a":1,"k":[{"i":{"x":0,"y":1},"o":{"x":0.333,"y":0},"n":"0_1_0p333_0","t":11,"s":[{"i":[[0,0],[0,0],[0,0]],"o":[[0,0],[0,0],[0,0]],"v":[[-214.025,145.194],[2.265,323.194],[216.29,145.169]],"c":false}],"e":[{"i":[[0,0],[0,0],[0,0]],"o":[[0,0],[0,0],[0,0]],"v":[[-38.359,165.789],[2.265,323.194],[39.79,167.586]],"c":false}]},{"i":{"x":0.667,"y":1},"o":{"x":0.705,"y":0},"n":"0p667_1_0p705_0","t":46,"s":[{"i":[[0,0],[0,0],[0,0]],"o":[[0,0],[0,0],[0,0]],"v":[[-38.359,165.789],[2.265,323.194],[39.79,167.586]],"c":false}],"e":[{"i":[[0,0],[0,0],[0,0]],"o":[[0,0],[0,0],[0,0]],"v":[[-214.025,145.194],[2.265,323.194],[216.29,145.169]],"c":false}]},{"t":65}],"ix":2},"nm":"Path 1","mn":"ADBE Vector Shape - Group","hd":false},{"ty":"st","c":{"a":0,"k":[0,0,0,1],"ix":3},"o":{"a":0,"k":100,"ix":4},"w":{"a":0,"k":60,"ix":5},"lc":2,"lj":2,"nm":"Stroke 1","mn":"ADBE Vector Graphic - Stroke","hd":false},{"ty":"tr","p":{"a":0,"k":[0,0],"ix":2},"a":{"a":0,"k":[0,0],"ix":1},"s":{"a":0,"k":[100,100],"ix":3},"r":{"a":0,"k":0,"ix":6},"o":{"a":0,"k":100,"ix":7},"sk":{"a":0,"k":0,"ix":4},"sa":{"a":0,"k":0,"ix":5},"nm":"Transform"}],"nm":"Group 1","np":2,"cix":2,"ix":1,"mn":"ADBE Vector Group","hd":false}],"ip":0,"op":73,"st":0,"bm":0},{"ddd":0,"ind":2,"ty":4,"nm":"line","sr":1,"ks":{"o":{"a":0,"k":100,"ix":11},"r":{"a":0,"k":0,"ix":10},"p":{"a":0,"k":[250,401,0],"ix":2},"a":{"a":0,"k":[0,0,0],"ix":1},"s":{"a":0,"k":[100,100,100],"ix":6}},"ao":0,"shapes":[{"ty":"gr","it":[{"ind":0,"ty":"sh","ix":1,"ks":{"a":1,"k":[{"i":{"x":0,"y":1},"o":{"x":0.333,"y":0},"n":"0_1_0p333_0","t":0,"s":[{"i":[[0,0],[0,0]],"o":[[0,64.135],[0,0]],"v":[[1.559,-323.001],[1.559,304.972]],"c":false}],"e":[{"i":[[0,0],[0,0]],"o":[[0,64.135],[0,0]],"v":[[1.559,-371.001],[1.119,40.972]],"c":false}]},{"i":{"x":0,"y":1},"o":{"x":0.333,"y":0},"n":"0_1_0p333_0","t":25,"s":[{"i":[[0,0],[0,0]],"o":[[0,64.135],[0,0]],"v":[[1.559,-371.001],[1.119,40.972]],"c":false}],"e":[{"i":[[0,0],[0,0]],"o":[[0,64.135],[0,0]],"v":[[1.559,-139.001],[1.486,340.972]],"c":false}]},{"i":{"x":0,"y":1},"o":{"x":0.333,"y":0},"n":"0_1_0p333_0","t":50,"s":[{"i":[[0,0],[0,0]],"o":[[0,64.135],[0,0]],"v":[[1.559,-139.001],[1.486,340.972]],"c":false}],"e":[{"i":[[0,0],[0,0]],"o":[[0,64.135],[0,0]],"v":[[1.559,-323.001],[1.559,304.972]],"c":false}]},{"t":71}],"ix":2},"nm":"Path 1","mn":"ADBE Vector Shape - Group","hd":false},{"ty":"tm","s":{"a":0,"k":0,"ix":1},"e":{"a":0,"k":100,"ix":2},"o":{"a":0,"k":0,"ix":3},"m":1,"ix":2,"nm":"Trim Paths 1","mn":"ADBE Vector Filter - Trim","hd":false},{"ty":"st","c":{"a":0,"k":[0,0,0,1],"ix":3},"o":{"a":0,"k":100,"ix":4},"w":{"a":0,"k":60,"ix":5},"lc":2,"lj":1,"ml":10,"ml2":{"a":0,"k":10,"ix":8},"nm":"Stroke 1","mn":"ADBE Vector Graphic - Stroke","hd":false},{"ty":"tr","p":{"a":0,"k":[0,0],"ix":2},"a":{"a":0,"k":[0,0],"ix":1},"s":{"a":0,"k":[100,100],"ix":3},"r":{"a":0,"k":0,"ix":6},"o":{"a":0,"k":100,"ix":7},"sk":{"a":0,"k":0,"ix":4},"sa":{"a":0,"k":0,"ix":5},"nm":"Transform"}],"nm":"Group 1","np":3,"cix":2,"ix":1,"mn":"ADBE Vector Group","hd":false}],"ip":0,"op":73,"st":0,"bm":0}],"markers":[]}